{
    "train_accuracy": [
        0.356011315417256,
        0.45077793493635077,
        0.46738735097999595,
        0.5486765003030916,
        0.5828248130935543,
        0.6124469589816125,
        0.6330975954738332,
        0.6529399878763387,
        0.669024045261669,
        0.6840775914326126,
        0.6979793897757123,
        0.7094362497474237,
        0.7192564154374621,
        0.7315821378056173,
        0.7927258031925641
    ],
    "train_precision_macro": [
        0.34090163539070395,
        0.43994045832994894,
        0.4586349492171217,
        0.542418856417957,
        0.578317226732659,
        0.6079866361707484,
        0.6297645297859493,
        0.6497862739764619,
        0.6658368600642188,
        0.6814936447685136,
        0.6958992203103388,
        0.7074883241538344,
        0.7177668465869348,
        0.7304045942521188,
        0.7916869461465773
    ],
    "train_recall_macro": [
        0.35626710470711936,
        0.4510387423339803,
        0.46763973204950815,
        0.5488674943749597,
        0.5829496643566905,
        0.6126044081264407,
        0.6331634109467877,
        0.6529923954951894,
        0.6691164417374749,
        0.6842380355637652,
        0.6980502657987936,
        0.7095034716976091,
        0.7193607711270108,
        0.731558982648588,
        0.7927772839486673
    ],
    "train_f1_macro": [
        0.3445825942526994,
        0.44372337425664066,
        0.46137789146193703,
        0.5443467410097088,
        0.57973111387664,
        0.6093753807031381,
        0.6307086549862528,
        0.6507631462513942,
        0.6668527583620366,
        0.6822686170095558,
        0.6964551915214126,
        0.7080416582518129,
        0.718165284979734,
        0.7306536762741981,
        0.7917461344827149
    ],
    "train_loss": [
        2.792949524015169,
        2.2421080946305834,
        2.132796967287717,
        1.782453995542366,
        1.6154277532734098,
        1.4874803263214842,
        1.397453068521382,
        1.3184630565860616,
        1.249071115436443,
        1.188387617926368,
        1.1266845058368034,
        1.0784269096287666,
        1.038707268815042,
        0.9940295779924664,
        0.7620380833509012
    ],
    "val_accuracy": [
        0.5153465346534654,
        0.5438613861386139,
        0.6035643564356435,
        0.6417821782178218,
        0.6574257425742575,
        0.6813861386138614,
        0.6968316831683168,
        0.7093069306930693,
        0.7154455445544554,
        0.7118811881188118,
        0.7257425742574257,
        0.7206930693069307,
        0.7228712871287128,
        0.7291089108910891,
        0.7612871287128713
    ],
    "val_precision_macro": [
        0.5324830346214956,
        0.5534293986743505,
        0.6210869332128951,
        0.657272893588437,
        0.6700366752019847,
        0.6868419106165052,
        0.710300970283871,
        0.7153944470058121,
        0.7215244831951774,
        0.7167353764156915,
        0.7313491192436747,
        0.7264934310326482,
        0.7255907597130926,
        0.7354400508409664,
        0.7628409568430926
    ],
    "val_recall_macro": [
        0.5153465346534654,
        0.5438613861386139,
        0.6035643564356435,
        0.6417821782178219,
        0.6574257425742575,
        0.6813861386138613,
        0.6968316831683168,
        0.7093069306930695,
        0.7154455445544553,
        0.7118811881188118,
        0.7257425742574257,
        0.7206930693069307,
        0.722871287128713,
        0.7291089108910891,
        0.7612871287128713
    ],
    "val_f1_macro": [
        0.5033992462718119,
        0.5312858547297287,
        0.5978360631934233,
        0.6386854723489588,
        0.6535969086177138,
        0.6753387123662732,
        0.696991792101803,
        0.7070260157861544,
        0.7133851793265302,
        0.7076651392738963,
        0.7237814226685482,
        0.7171559131678702,
        0.7201955091841733,
        0.725958122575566,
        0.7599483382439371
    ],
    "val_loss": [
        1.956377377427077,
        1.81553184533421,
        1.5539709963847566,
        1.4004996114799493,
        1.3319296504877791,
        1.2421292730760347,
        1.2200970315622002,
        1.159408141163331,
        1.1356260971979628,
        1.152073740027845,
        1.0700040159959205,
        1.1024232730269432,
        1.1002088780338062,
        1.0859694708657415,
        0.9621306333478682
    ],
    "epochs": [
        0,
        1,
        2,
        3,
        4,
        5,
        6,
        7,
        8,
        9,
        10,
        11,
        12,
        13,
        14
    ],
    "best_epoch": 14
}