{
    "train_accuracy": [
        0.37906647807637905,
        0.4654475651646797,
        0.5497878359264498,
        0.6430389977773288,
        0.6823802788442109,
        0.7118003637098403,
        0.7396039603960396,
        0.7644372600525359,
        0.7817538896746817,
        0.8042634875732472,
        0.8241260860779955,
        0.8802384320064659,
        0.8788037987472217
    ],
    "train_precision_macro": [
        0.3647303563924045,
        0.4548082556659754,
        0.5429329381464618,
        0.6392009173070722,
        0.6796741747102466,
        0.7097984750249395,
        0.7383486293944516,
        0.7632319228462909,
        0.7807425074085623,
        0.8036872770153543,
        0.8234223628146792,
        0.8800493600319882,
        0.878665888706897
    ],
    "train_recall_macro": [
        0.3792720487602545,
        0.46570329797010074,
        0.5498501614591127,
        0.6430840365281061,
        0.6824311110702246,
        0.7117903585114809,
        0.7396105744770004,
        0.7644101525915564,
        0.7817606576876093,
        0.8042164007318072,
        0.8240608435475211,
        0.8802100611400594,
        0.8787305483333026
    ],
    "train_f1_macro": [
        0.3686817824892256,
        0.4585590634232759,
        0.5453674720636976,
        0.6405303923579686,
        0.6806079959940766,
        0.7104250500556423,
        0.7386740415229213,
        0.7635762599812647,
        0.7810421289311456,
        0.8037443126414096,
        0.8235629383411012,
        0.8799736121873977,
        0.8785566574896535
    ],
    "train_loss": [
        2.7123231792650304,
        2.205658648598942,
        1.7720407686005428,
        1.3686040405908861,
        1.1987544793223825,
        1.0765066528096843,
        0.9681201494637812,
        0.8621340993534155,
        0.7934309295760907,
        0.7045011793918855,
        0.628631707565027,
        0.43187685387357155,
        0.4358094034285442
    ],
    "val_accuracy": [
        0.5472277227722773,
        0.5725742574257425,
        0.7001980198019802,
        0.7366336633663366,
        0.7541584158415842,
        0.7640594059405941,
        0.7689108910891089,
        0.7811881188118812,
        0.771980198019802,
        0.7810891089108911,
        0.7877227722772278,
        0.8154455445544554,
        0.8196039603960396
    ],
    "val_precision_macro": [
        0.5520038548730795,
        0.5702386892684146,
        0.7164971040780675,
        0.747796798800514,
        0.7593647692537931,
        0.7744045525482518,
        0.7757611933951034,
        0.7833797908486843,
        0.78184421710838,
        0.7871687589223431,
        0.792947756846666,
        0.8166574269640284,
        0.8207493401718094
    ],
    "val_recall_macro": [
        0.5472277227722772,
        0.5725742574257426,
        0.7001980198019802,
        0.7366336633663365,
        0.7541584158415842,
        0.7640594059405942,
        0.768910891089109,
        0.7811881188118811,
        0.7719801980198018,
        0.7810891089108911,
        0.7877227722772279,
        0.8154455445544554,
        0.8196039603960397
    ],
    "val_f1_macro": [
        0.5351773604601131,
        0.5587796244210272,
        0.6969281007002491,
        0.7349641920848454,
        0.7508278035914171,
        0.7629610379275465,
        0.7678482908967194,
        0.7784657198352392,
        0.7715740735166445,
        0.7797954190585243,
        0.7866275183896063,
        0.8142741210466025,
        0.8186639224557407
    ],
    "val_loss": [
        1.866378190208085,
        1.7109798474968234,
        1.1630679051615769,
        1.0197196956723928,
        0.96989107387777,
        0.9198914791952488,
        0.9188387474882169,
        0.8876700755562398,
        0.9471427241187024,
        0.9365073861259543,
        0.9336407884861095,
        0.8165215843252519,
        0.8139681914169931
    ],
    "best_val_recall_macro": [
        0.3792720487602545,
        0.5472277227722772,
        0.46570329797010074,
        0.5725742574257426,
        0.5498501614591127,
        0.7001980198019802,
        0.6430840365281061,
        0.7366336633663365,
        0.6824311110702246,
        0.7541584158415842,
        0.7117903585114809,
        0.7640594059405942
    ],
    "best_val_accuracy": [
        0.37906647807637905,
        0.5472277227722773,
        0.4654475651646797,
        0.5725742574257425,
        0.5497878359264498,
        0.7001980198019802,
        0.6430389977773288,
        0.7366336633663366,
        0.6823802788442109,
        0.7541584158415842,
        0.7118003637098403,
        0.7640594059405941
    ],
    "best_val_precision_macro": [
        0.3647303563924045,
        0.5520038548730795,
        0.4548082556659754,
        0.5702386892684146,
        0.5429329381464618,
        0.7164971040780675,
        0.6392009173070722,
        0.747796798800514,
        0.6796741747102466,
        0.7593647692537931,
        0.7097984750249395,
        0.7744045525482518
    ],
    "best_val_f1_macro": [
        0.3686817824892256,
        0.5351773604601131,
        0.4585590634232759,
        0.5587796244210272,
        0.5453674720636976,
        0.6969281007002491,
        0.6405303923579686,
        0.7349641920848454,
        0.6806079959940766,
        0.7508278035914171,
        0.7104250500556423,
        0.7629610379275465
    ],
    "best_val_loss": [
        2.7123231792650304,
        1.866378190208085,
        2.205658648598942,
        1.7109798474968234,
        1.7720407686005428,
        1.1630679051615769,
        1.3686040405908861,
        1.0197196956723928,
        1.1987544793223825,
        0.96989107387777,
        1.0765066528096843,
        0.9198914791952488
    ],
    "epochs": [
        0,
        1,
        2,
        3,
        4,
        5,
        6,
        7,
        8,
        9,
        10,
        11,
        12
    ],
    "best_epoch": 12
}