{
    "train_accuracy": [
        0.35239442311578095,
        0.43342089310971915,
        0.5102646999393817,
        0.6000808244089715,
        0.6397656092139826,
        0.6693877551020408,
        0.6898565366740755,
        0.7129723176399273,
        0.7251161850878965,
        0.7434229137199434,
        0.7578096585168721,
        0.7685593049100828,
        0.7789654475651647,
        0.7726813497676298,
        0.7857546979187715,
        0.79276621539705,
        0.8046474035158618,
        0.8178824004849464
    ],
    "train_precision_macro": [
        0.3374449265283649,
        0.42146007245318884,
        0.5025250572136994,
        0.5953438273172186,
        0.6365648394384873,
        0.6662626111563401,
        0.6874251476237223,
        0.7110798154443506,
        0.7232600916385312,
        0.7422163255271456,
        0.7564581737665441,
        0.7672643017233571,
        0.7782494795942807,
        0.771876216151068,
        0.7849411815943984,
        0.7919516401918242,
        0.8041717432400843,
        0.8172066469368499
    ],
    "train_recall_macro": [
        0.3526460182239127,
        0.4337290691288211,
        0.510407660229415,
        0.6001554752571476,
        0.6398098506086738,
        0.6694619160084243,
        0.6899197404868461,
        0.7129738732987067,
        0.7251322616740783,
        0.7434816239642157,
        0.757860673770854,
        0.7686084585972515,
        0.7789959463818942,
        0.7726714302975294,
        0.7857535157044035,
        0.7927714917958106,
        0.8046673207530882,
        0.8178614990459545
    ],
    "train_f1_macro": [
        0.34093897503322884,
        0.4255156665569059,
        0.505079622692098,
        0.5969612603919441,
        0.6376438994947576,
        0.667343692938212,
        0.6881927824294823,
        0.7116139912339904,
        0.7237822118668328,
        0.7424970511007932,
        0.7568084076688539,
        0.7676489880490422,
        0.7783406335898722,
        0.7719657077606481,
        0.7851293849885624,
        0.7921108665069061,
        0.8041836295781447,
        0.8173594345701031
    ],
    "train_loss": [
        2.8077850802605893,
        2.349962688139661,
        1.95419564621635,
        1.5510123599303793,
        1.3796037286231035,
        1.2615658272329884,
        1.1607110928081856,
        1.0771773765712456,
        1.0200607293389579,
        0.9506311840230254,
        0.8937049228059876,
        0.8472411547580995,
        0.8026367342695546,
        0.8340961275924462,
        0.783861804852273,
        0.7515346824294455,
        0.7063618554952227,
        0.660365817381482
    ],
    "val_accuracy": [
        0.5173267326732673,
        0.5383168316831684,
        0.6595049504950495,
        0.706039603960396,
        0.7139603960396039,
        0.7341584158415841,
        0.7305940594059406,
        0.7488118811881188,
        0.7599009900990099,
        0.7597029702970297,
        0.7636633663366337,
        0.7583168316831683,
        0.7624752475247525,
        0.7582178217821782,
        0.7620792079207921,
        0.7622772277227723,
        0.7695049504950495,
        0.7703960396039604
    ],
    "val_precision_macro": [
        0.5293923577114997,
        0.5441411593974872,
        0.6740876616246564,
        0.7158526796757526,
        0.7214262990853283,
        0.7444046570317415,
        0.7406825115257396,
        0.7564728184669374,
        0.7671956460881646,
        0.7644032052956329,
        0.7667976694532532,
        0.7650882638026387,
        0.7664292388061883,
        0.7640095860546173,
        0.7639607217148638,
        0.7664253513565362,
        0.7744572669057491,
        0.7749763381081228
    ],
    "val_recall_macro": [
        0.5173267326732673,
        0.5383168316831684,
        0.6595049504950495,
        0.7060396039603962,
        0.7139603960396042,
        0.7341584158415844,
        0.7305940594059408,
        0.7488118811881189,
        0.7599009900990099,
        0.7597029702970296,
        0.7636633663366338,
        0.7583168316831682,
        0.7624752475247523,
        0.7582178217821781,
        0.7620792079207921,
        0.7622772277227721,
        0.7695049504950495,
        0.7703960396039604
    ],
    "val_f1_macro": [
        0.5075215855571833,
        0.5280858862797938,
        0.6554684571521208,
        0.7027914923892629,
        0.7107168969112195,
        0.7326739599184628,
        0.729528806868062,
        0.7482858041042082,
        0.7585887959478578,
        0.7580332271608832,
        0.7617913446593038,
        0.7563145377317613,
        0.7611342769845916,
        0.7563074179114441,
        0.75952811611216,
        0.7609919205447089,
        0.7687659869041374,
        0.7692825220824067
    ],
    "val_loss": [
        1.9806519241272649,
        1.8642158084843732,
        1.3165062212538492,
        1.1497405242835042,
        1.1172000769101367,
        1.0318018590937121,
        1.081523950836515,
        1.0126864871752885,
        0.9854996385099956,
        0.9838840301337216,
        0.9833426927098462,
        1.0144128941848307,
        1.0004197723715553,
        1.024105845555616,
        0.9884563714967263,
        1.0187496995211496,
        1.0043636222334602,
        1.03984661609571
    ],
    "best_val_precision_macro": [
        0.3374449265283649,
        0.5293923577114997,
        0.42146007245318884,
        0.5441411593974872,
        0.5025250572136994,
        0.6740876616246564,
        0.5953438273172186,
        0.7158526796757526,
        0.6365648394384873,
        0.7214262990853283,
        0.6662626111563401,
        0.7444046570317415,
        0.7110798154443506,
        0.7564728184669374,
        0.7232600916385312,
        0.7671956460881646,
        0.7422163255271456,
        0.7644032052956329,
        0.7564581737665441,
        0.7667976694532532
    ],
    "best_val_accuracy": [
        0.35239442311578095,
        0.5173267326732673,
        0.43342089310971915,
        0.5383168316831684,
        0.5102646999393817,
        0.6595049504950495,
        0.6000808244089715,
        0.706039603960396,
        0.6397656092139826,
        0.7139603960396039,
        0.6693877551020408,
        0.7341584158415841,
        0.7129723176399273,
        0.7488118811881188,
        0.7251161850878965,
        0.7599009900990099,
        0.7434229137199434,
        0.7597029702970297,
        0.7578096585168721,
        0.7636633663366337
    ],
    "best_val_recall_macro": [
        0.3526460182239127,
        0.5173267326732673,
        0.4337290691288211,
        0.5383168316831684,
        0.510407660229415,
        0.6595049504950495,
        0.6001554752571476,
        0.7060396039603962,
        0.6398098506086738,
        0.7139603960396042,
        0.6694619160084243,
        0.7341584158415844,
        0.7129738732987067,
        0.7488118811881189,
        0.7251322616740783,
        0.7599009900990099,
        0.7434816239642157,
        0.7597029702970296,
        0.757860673770854,
        0.7636633663366338
    ],
    "best_val_f1_macro": [
        0.34093897503322884,
        0.5075215855571833,
        0.4255156665569059,
        0.5280858862797938,
        0.505079622692098,
        0.6554684571521208,
        0.5969612603919441,
        0.7027914923892629,
        0.6376438994947576,
        0.7107168969112195,
        0.667343692938212,
        0.7326739599184628,
        0.7116139912339904,
        0.7482858041042082,
        0.7237822118668328,
        0.7585887959478578,
        0.7424970511007932,
        0.7580332271608832,
        0.7568084076688539,
        0.7617913446593038
    ],