{
    "train_accuracy": [
        0.40555667811679125,
        0.5604364518084461,
        0.6160032329763588,
        0.651727621741766,
        0.6793695696100223,
        0.6989896948878561,
        0.7157405536472015,
        0.7312184279652455,
        0.7438068296625581,
        0.7565366740755708,
        0.76720549605981,
        0.7745807233784603,
        0.7853909880783997,
        0.7945039401899373,
        0.8423519903010709
    ],
    "train_precision_macro": [
        0.3921799473185722,
        0.5545932934528338,
        0.6131569573114656,
        0.6498372058367856,
        0.6777380598503623,
        0.6980169562046842,
        0.7150039629696245,
        0.7306129733433399,
        0.7434152584117811,
        0.7562626166352961,
        0.7669199112084396,
        0.7744301332172056,
        0.7853708228061445,
        0.7942676888854648,
        0.8426717497832014
    ],
    "train_recall_macro": [
        0.40572943448005366,
        0.5605154537892402,
        0.6161511545431131,
        0.6517442294711299,
        0.679482076419615,
        0.6990122430465647,
        0.7158153547478033,
        0.73127208875639,
        0.7438019380953171,
        0.7565385533723867,
        0.7671664164641124,
        0.7745600965532363,
        0.7853905145512985,
        0.7944589507851645,
        0.8422937094130719
    ],
    "train_f1_macro": [
        0.3937464114575302,
        0.5567408579375193,
        0.6141446538665453,
        0.6502838466713207,
        0.6782693068567984,
        0.6981669972515359,
        0.7151553902274316,
        0.7306562972151682,
        0.7433914481476463,
        0.7561363761358696,
        0.7668237038786972,
        0.7742683114834665,
        0.7852037507142341,
        0.7941633479375754,
        0.8422215580329939
    ],
    "train_loss": [
        2.558787038808649,
        1.7873840259403742,
        1.5334581423264284,
        1.3721205455569505,
        1.2586211444642672,
        1.1727579711191718,
        1.0970711244225657,
        1.0331184820795183,
        0.9756301089750425,
        0.9265475860196657,
        0.8753246072879628,
        0.8464616939748151,
        0.8036468433735154,
        0.7712752779520706,
        0.5979606589963437
    ],
    "val_accuracy": [
        0.6418811881188119,
        0.6922772277227722,
        0.7152475247524752,
        0.7368316831683168,
        0.7363366336633663,
        0.7516831683168317,
        0.7622772277227723,
        0.7595049504950495,
        0.7684158415841584,
        0.7612871287128713,
        0.7736633663366337,
        0.7684158415841584,
        0.7666336633663366,
        0.7756435643564357,
        0.7948514851485149
    ],
    "val_precision_macro": [
        0.6511571966311994,
        0.7002006490167627,
        0.72914056498732,
        0.7444967726575045,
        0.7389193914827863,
        0.7584615565491671,
        0.7684570295417341,
        0.7649538714181335,
        0.7719810155164051,
        0.770633470395864,
        0.7759183605380698,
        0.7761653957458178,
        0.7717624860456009,
        0.7792287161079008,
        0.7961606981807409
    ],
    "val_recall_macro": [
        0.6418811881188117,
        0.6922772277227721,
        0.7152475247524751,
        0.7368316831683167,
        0.7363366336633662,
        0.7516831683168317,
        0.7622772277227724,
        0.7595049504950494,
        0.7684158415841584,
        0.7612871287128712,
        0.7736633663366338,
        0.7684158415841583,
        0.7666336633663365,
        0.7756435643564358,
        0.7948514851485149
    ],
    "val_f1_macro": [
        0.6335645685184824,
        0.6868227610863165,
        0.7135873548046031,
        0.7340817841575227,
        0.7327713455835662,
        0.7499629844851537,
        0.7622079348172545,
        0.7563379150092403,
        0.7669518844657472,
        0.7594835569001145,
        0.7715459954504298,
        0.7674777748894422,
        0.7651774855654726,
        0.774064000023097,
        0.7936017135717952
    ],
    "val_loss": [
        1.43000163486864,
        1.2468360636524762,
        1.153441259637475,
        1.0549368678910445,
        1.0351337388134267,
        0.9737500119541737,
        0.9606175866756069,
        0.9803633698250486,
        0.9457732867007439,
        0.953602159991153,
        0.9358225934372484,
        0.9644456784464891,
        0.9799476889952357,
        0.9552375405276772,
        0.8614359846238424
    ],
    "epochs": [
        0,
        1,
        2,
        3,
        4,
        5,
        6,
        7,
        8,
        9,
        10,
        11,
        12,
        13,
        14
    ],
    "best_epoch": 14
}